[{"fonts":[{"asset":"fonts/MaterialIcons-Regular.ttf"}],"family":"MaterialIcons"},{"family":"Sans","fonts":[{"weight":400,"asset":"fonts/OpenSans-Regular.ttf"},{"weight":600,"asset":"fonts/OpenSans-SemiBold.ttf"},{"weight":700,"asset":"fonts/OpenSans-Bold.ttf"}]},{"family":"iconfont","fonts":[{"asset":"fonts/iconfont.ttf"}]},{"family":"Icn","fonts":[{"asset":"fonts/Icn.ttf"}]},{"family":"packages/cupertino_icons/CupertinoIcons","fonts":[{"asset":"packages/cupertino_icons/assets/CupertinoIcons.ttf"}]},{"family":"packages/material_design_icons_flutter/Material Design Icons","fonts":[{"asset":"packages/material_design_icons_flutter/lib/fonts/materialdesignicons-webfont.ttf"}]},{"fonts":[{"asset":"fonts/MaterialIcons-Regular.ttf"}],"family":"MaterialIcons"}]