{"packages/cupertino_icons/assets/CupertinoIcons.ttf":["packages/cupertino_icons/assets/CupertinoIcons.ttf"],"fonts/Icn.ttf":["fonts/Icn.ttf"],"fonts/OpenSans-Bold.ttf":["fonts/OpenSans-Bold.ttf"],"fonts/OpenSans-Regular.ttf":["fonts/OpenSans-Regular.ttf"],"fonts/OpenSans-SemiBold.ttf":["fonts/OpenSans-SemiBold.ttf"],"lib/Env/Sspanel_umi_v3Api.yaml":["lib/Env/Sspanel_umi_v3Api.yaml"],"lib/Env/environment.yaml":["lib/Env/environment.yaml"],"fonts/iconfont.ttf":["fonts/iconfont.ttf"],"packages/material_design_icons_flutter/lib/fonts/materialdesignicons-webfont.ttf":["packages/material_design_icons_flutter/lib/fonts/materialdesignicons-webfont.ttf"],"lib/Env/ssmgr.yaml":["lib/Env/ssmgr.yaml"],"lib/res/images/prefix/unknown.png":["lib/res/images/prefix/unknown.png"],"lib/res/images/prefix/v2ray.png":["lib/res/images/prefix/v2ray.png"],"lib/res/images/prefix/%E4%B8%8D%E4%B8%B9.png":["lib/res/images/prefix/%E4%B8%8D%E4%B8%B9.png"],"lib/res/images/prefix/%E4%B8%9C%E5%B8%9D%E6%B1%B6.png":["lib/res/images/prefix/%E4%B8%9C%E5%B8%9D%E6%B1%B6.png"],"lib/res/images/prefix/%E4%B8%AD%E5%9B%BD.png":["lib/res/images/prefix/%E4%B8%AD%E5%9B%BD.png"],"lib/res/images/prefix/%E4%B8%AD%E9%9D%9E.png":["lib/res/images/prefix/%E4%B8%AD%E9%9D%9E.png"],"lib/res/images/prefix/%E4%B8%B9%E9%BA%A6.png":["lib/res/images/prefix/%E4%B8%B9%E9%BA%A6.png"],"lib/res/images/prefix/%E4%B9%8C%E5%85%8B%E5%85%B0.png":["lib/res/images/prefix/%E4%B9%8C%E5%85%8B%E5%85%B0.png"],"lib/res/images/prefix/%E4%B9%8C%E5%85%B9%E5%88%AB%E5%85%8B%E6%96%AF%E5%9D%A6.png":["lib/res/images/prefix/%E4%B9%8C%E5%85%B9%E5%88%AB%E5%85%8B%E6%96%AF%E5%9D%A6.png"],"lib/res/images/prefix/%E4%B9%8C%E5%B9%B2%E8%BE%BE.png":["lib/res/images/prefix/%E4%B9%8C%E5%B9%B2%E8%BE%BE.png"],"lib/res/images/prefix/%E4%B9%8C%E6%8B%89%E5%9C%AD.png":["lib/res/images/prefix/%E4%B9%8C%E6%8B%89%E5%9C%AD.png"],"lib/res/images/prefix/%E4%B9%8D%E5%BE%97.png":["lib/res/images/prefix/%E4%B9%8D%E5%BE%97.png"],"lib/res/images/prefix/%E4%B9%9F%E9%97%A8.png":["lib/res/images/prefix/%E4%B9%9F%E9%97%A8.png"],"lib/res/images/prefix/%E4%BA%9A%E7%BE%8E%E5%B0%BC%E4%BA%9A.png":["lib/res/images/prefix/%E4%BA%9A%E7%BE%8E%E5%B0%BC%E4%BA%9A.png"],"lib/res/images/prefix/%E4%BB%A5%E8%89%B2%E5%88%97.png":["lib/res/images/prefix/%E4%BB%A5%E8%89%B2%E5%88%97.png"],"lib/res/images/prefix/%E4%BC%8A%E6%8B%89%E5%85%8B.png":["lib/res/images/prefix/%E4%BC%8A%E6%8B%89%E5%85%8B.png"],"lib/res/images/prefix/%E4%BC%8A%E6%9C%97.png":["lib/res/images/prefix/%E4%BC%8A%E6%9C%97.png"],"lib/res/images/prefix/%E4%BC%AF%E5%88%A9%E5%85%B9.png":["lib/res/images/prefix/%E4%BC%AF%E5%88%A9%E5%85%B9.png"],"lib/res/images/prefix/%E4%BD%9B%E5%BE%97%E8%A7%92.png":["lib/res/images/prefix/%E4%BD%9B%E5%BE%97%E8%A7%92.png"],"lib/res/images/prefix/%E4%BF%84%E7%BD%97%E6%96%AF.png":["lib/res/images/prefix/%E4%BF%84%E7%BD%97%E6%96%AF.png"],"lib/res/images/prefix/%E4%BF%9D%E5%8A%A0%E5%88%A9%E4%BA%9A.png":["lib/res/images/prefix/%E4%BF%9D%E5%8A%A0%E5%88%A9%E4%BA%9A.png"],"lib/res/images/prefix/%E5%85%8B%E7%BD%97%E5%9C%B0%E4%BA%9A.png":["lib/res/images/prefix/%E5%85%8B%E7%BD%97%E5%9C%B0%E4%BA%9A.png"],"lib/res/images/prefix/%E5%86%88%E6%AF%94%E4%BA%9A.png":["lib/res/images/prefix/%E5%86%88%E6%AF%94%E4%BA%9A.png"],"lib/res/images/prefix/%E5%86%B0%E5%B2%9B.png":["lib/res/images/prefix/%E5%86%B0%E5%B2%9B.png"],"lib/res/images/prefix/%E5%87%A0%E5%86%85%E4%BA%9A%E6%AF%94%E7%BB%8D.png":["lib/res/images/prefix/%E5%87%A0%E5%86%85%E4%BA%9A%E6%AF%94%E7%BB%8D.png"],"lib/res/images/prefix/%E5%88%97%E6%94%AF%E6%95%A6%E5%A3%AB%E7%99%BB.png":["lib/res/images/prefix/%E5%88%97%E6%94%AF%E6%95%A6%E5%A3%AB%E7%99%BB.png"],"lib/res/images/prefix/%E5%88%9A%E6%9E%9C.png":["lib/res/images/prefix/%E5%88%9A%E6%9E%9C.png"],"lib/res/images/prefix/%E5%88%9A%E6%9E%9C%EF%BC%88%E9%87%91%EF%BC%89.png":["lib/res/images/prefix/%E5%88%9A%E6%9E%9C%EF%BC%88%E9%87%91%EF%BC%89.png"],"lib/res/images/prefix/%E5%88%A9%E6%AF%94%E4%BA%9A.png":["lib/res/images/prefix/%E5%88%A9%E6%AF%94%E4%BA%9A.png"],"lib/res/images/prefix/%E5%88%A9%E6%AF%94%E9%87%8C%E4%BA%9A.png":["lib/res/images/prefix/%E5%88%A9%E6%AF%94%E9%87%8C%E4%BA%9A.png"],"lib/res/images/prefix/%E5%8A%A0%E6%8B%BF%E5%A4%A7.png":["lib/res/images/prefix/%E5%8A%A0%E6%8B%BF%E5%A4%A7.png"],"lib/res/images/prefix/%E5%8A%A0%E7%BA%B3.png":["lib/res/images/prefix/%E5%8A%A0%E7%BA%B3.png"],"lib/res/images/prefix/%E5%8A%A0%E8%93%AC.png":["lib/res/images/prefix/%E5%8A%A0%E8%93%AC.png"],"lib/res/images/prefix/%E5%8C%88%E7%89%99%E5%88%A9.png":["lib/res/images/prefix/%E5%8C%88%E7%89%99%E5%88%A9.png"],"lib/res/images/prefix/%E5%8D%97%E8%8B%8F%E4%B8%B9.png":["lib/res/images/prefix/%E5%8D%97%E8%8B%8F%E4%B8%B9.png"],"lib/res/images/prefix/%E5%8D%97%E9%9D%9E%E6%B4%B2.png":["lib/res/images/prefix/%E5%8D%97%E9%9D%9E%E6%B4%B2.png"],"lib/res/images/prefix/%E5%8D%9A%E8%8C%A8%E7%93%A6%E7%BA%B3.png":["lib/res/images/prefix/%E5%8D%9A%E8%8C%A8%E7%93%A6%E7%BA%B3.png"],"lib/res/images/prefix/%E5%8D%A1%E5%A1%94%E5%B0%94.png":["lib/res/images/prefix/%E5%8D%A1%E5%A1%94%E5%B0%94.png"],"lib/res/images/prefix/%E5%8D%A2%E6%97%BA%E8%BE%BE.png":["lib/res/images/prefix/%E5%8D%A2%E6%97%BA%E8%BE%BE.png"],"lib/res/images/prefix/%E5%8D%A2%E6%A3%AE%E5%A0%A1.png":["lib/res/images/prefix/%E5%8D%A2%E6%A3%AE%E5%A0%A1.png"],"lib/res/images/prefix/%E5%8D%B0%E5%BA%A6.png":["lib/res/images/prefix/%E5%8D%B0%E5%BA%A6.png"],"lib/res/images/prefix/%E5%8D%B0%E5%BA%A6%E5%B0%BC%E8%A5%BF%E4%BA%9A.png":["lib/res/images/prefix/%E5%8D%B0%E5%BA%A6%E5%B0%BC%E8%A5%BF%E4%BA%9A.png"],"lib/res/images/prefix/%E5%8D%B1%E5%9C%B0%E9%A9%AC%E6%8B%89.png":["lib/res/images/prefix/%E5%8D%B1%E5%9C%B0%E9%A9%AC%E6%8B%89.png"],"lib/res/images/prefix/%E5%8E%84%E7%93%9C%E5%A4%9A%E5%B0%94.png":["lib/res/images/prefix/%E5%8E%84%E7%93%9C%E5%A4%9A%E5%B0%94.png"],"lib/res/images/prefix/%E5%8E%84%E7%AB%8B%E7%89%B9%E9%87%8C%E4%BA%9A.png":["lib/res/images/prefix/%E5%8E%84%E7%AB%8B%E7%89%B9%E9%87%8C%E4%BA%9A.png"],"lib/res/images/prefix/%E5%8F%99%E5%88%A9%E4%BA%9A.png":["lib/res/images/prefix/%E5%8F%99%E5%88%A9%E4%BA%9A.png"],"lib/res/images/prefix/%E5%8F%A4%E5%B7%B4.png":["lib/res/images/prefix/%E5%8F%A4%E5%B7%B4.png"],"lib/res/images/prefix/%E5%8F%B0%E6%B9%BE.png":["lib/res/images/prefix/%E5%8F%B0%E6%B9%BE.png"],"lib/res/images/prefix/%E5%90%89%E5%B0%94%E5%90%89%E6%96%AF%E6%96%AF%E5%9D%A6.png":["lib/res/images/prefix/%E5%90%89%E5%B0%94%E5%90%89%E6%96%AF%E6%96%AF%E5%9D%A6.png"],"lib/res/images/prefix/%E5%90%89%E5%B8%83%E6%8F%90.png":["lib/res/images/prefix/%E5%90%89%E5%B8%83%E6%8F%90.png"],"lib/res/images/prefix/%E5%93%88%E8%90%A8%E5%85%8B%E6%96%AF%E5%9D%A6.png":["lib/res/images/prefix/%E5%93%88%E8%90%A8%E5%85%8B%E6%96%AF%E5%9D%A6.png"],"lib/res/images/prefix/%E5%93%A5%E4%BC%A6%E6%AF%94%E4%BA%9A.png":["lib/res/images/prefix/%E5%93%A5%E4%BC%A6%E6%AF%94%E4%BA%9A.png"],"lib/res/images/prefix/%E5%93%A5%E6%96%AF%E8%BE%BE%E9%BB%8E%E5%8A%A0.png":["lib/res/images/prefix/%E5%93%A5%E6%96%AF%E8%BE%BE%E9%BB%8E%E5%8A%A0.png"],"lib/res/images/prefix/%E5%96%80%E9%BA%A6%E9%9A%86.png":["lib/res/images/prefix/%E5%96%80%E9%BA%A6%E9%9A%86.png"],"lib/res/images/prefix/%E5%9B%BE%E7%93%A6%E5%8D%A2.png":["lib/res/images/prefix/%E5%9B%BE%E7%93%A6%E5%8D%A2.png"],"lib/res/images/prefix/%E5%9C%9F%E5%BA%93%E6%9B%BC%E6%96%AF%E5%9D%A6.png":["lib/res/images/prefix/%E5%9C%9F%E5%BA%93%E6%9B%BC%E6%96%AF%E5%9D%A6.png"],"lib/res/images/prefix/%E5%9C%9F%E8%80%B3%E5%85%B6.png":["lib/res/images/prefix/%E5%9C%9F%E8%80%B3%E5%85%B6.png"],"lib/res/images/prefix/%E5%9C%A3%E5%8D%A2%E8%A5%BF%E4%BA%9A.png":["lib/res/images/prefix/%E5%9C%A3%E5%8D%A2%E8%A5%BF%E4%BA%9A.png"],"lib/res/images/prefix/%E5%9C%A3%E5%9F%BA%E8%8C%A8%E5%92%8C%E5%B0%BC%E7%BB%B4%E6%96%AF.png":["lib/res/images/prefix/%E5%9C%A3%E5%9F%BA%E8%8C%A8%E5%92%8C%E5%B0%BC%E7%BB%B4%E6%96%AF.png"],"lib/res/images/prefix/%E5%9C%A3%E6%96%87%E6%A3%AE%E7%89%B9%E5%92%8C%E6%A0%BC%E6%9E%97%E7%BA%B3%E4%B8%81%E6%96%AF.png":["lib/res/images/prefix/%E5%9C%A3%E6%96%87%E6%A3%AE%E7%89%B9%E5%92%8C%E6%A0%BC%E6%9E%97%E7%BA%B3%E4%B8%81%E6%96%AF.png"],"lib/res/images/prefix/%E5%9C%A3%E6%99%AE.png":["lib/res/images/prefix/%E5%9C%A3%E6%99%AE.png"],"lib/res/images/prefix/%E5%9C%A3%E9%A9%AC%E5%8A%9B%E8%AF%BA.png":["lib/res/images/prefix/%E5%9C%A3%E9%A9%AC%E5%8A%9B%E8%AF%BA.png"],"lib/res/images/prefix/%E5%9C%AD%E4%BA%9A%E9%82%A3.png":["lib/res/images/prefix/%E5%9C%AD%E4%BA%9A%E9%82%A3.png"],"lib/res/images/prefix/%E5%9D%A6%E6%A1%91%E5%B0%BC%E4%BA%9A.png":["lib/res/images/prefix/%E5%9D%A6%E6%A1%91%E5%B0%BC%E4%BA%9A.png"],"lib/res/images/prefix/%E5%9F%83%E5%8F%8A.png":["lib/res/images/prefix/%E5%9F%83%E5%8F%8A.png"],"lib/res/images/prefix/%E5%9F%83%E5%A1%9E%E4%BF%84%E6%AF%94%E4%BA%9A.png":["lib/res/images/prefix/%E5%9F%83%E5%A1%9E%E4%BF%84%E6%AF%94%E4%BA%9A.png"],"lib/res/images/prefix/%E5%9F%BA%E9%87%8C%E5%B7%B4%E6%96%AF.png":["lib/res/images/prefix/%E5%9F%BA%E9%87%8C%E5%B7%B4%E6%96%AF.png"],"lib/res/images/prefix/%E5%A1%94%E5%90%89%E5%85%8B%E6%96%AF%E5%9D%A6.png":["lib/res/images/prefix/%E5%A1%94%E5%90%89%E5%85%8B%E6%96%AF%E5%9D%A6.png"],"lib/res/images/prefix/%E5%A1%9E%E5%86%85%E5%8A%A0%E5%B0%94.png":["lib/res/images/prefix/%E5%A1%9E%E5%86%85%E5%8A%A0%E5%B0%94.png"],"lib/res/images/prefix/%E5%A1%9E%E5%B0%94%E7%BB%B4%E4%BA%9A.png":["lib/res/images/prefix/%E5%A1%9E%E5%B0%94%E7%BB%B4%E4%BA%9A.png"],"lib/res/images/prefix/%E5%A1%9E%E6%8B%89%E5%88%A9%E6%98%82.png":["lib/res/images/prefix/%E5%A1%9E%E6%8B%89%E5%88%A9%E6%98%82.png"],"lib/res/images/prefix/%E5%A1%9E%E6%B5%A6%E8%B7%AF%E6%96%AF.png":["lib/res/images/prefix/%E5%A1%9E%E6%B5%A6%E8%B7%AF%E6%96%AF.png"],"lib/res/images/prefix/%E5%A1%9E%E8%88%8C%E5%B0%94.png":["lib/res/images/prefix/%E5%A1%9E%E8%88%8C%E5%B0%94.png"],"lib/res/images/prefix/%E5%A2%A8%E8%A5%BF%E5%93%A5.png":["lib/res/images/prefix/%E5%A2%A8%E8%A5%BF%E5%93%A5.png"],"lib/res/images/prefix/%E5%A4%9A%E5%93%A5.png":["lib/res/images/prefix/%E5%A4%9A%E5%93%A5.png"],"lib/res/images/prefix/%E5%A4%9A%E7%B1%B3%E5%B0%BC%E5%85%8B.png":["lib/res/images/prefix/%E5%A4%9A%E7%B1%B3%E5%B0%BC%E5%85%8B.png"],"lib/res/images/prefix/%E5%A4%9A%E7%B1%B3%E5%B0%BC%E5%8A%A0.png":["lib/res/images/prefix/%E5%A4%9A%E7%B1%B3%E5%B0%BC%E5%8A%A0.png"],"lib/res/images/prefix/%E5%A5%A5%E5%9C%B0%E5%88%A9.png":["lib/res/images/prefix/%E5%A5%A5%E5%9C%B0%E5%88%A9.png"],"lib/res/images/prefix/%E5%A7%94%E5%86%85%E7%91%9E%E6%8B%89.png":["lib/res/images/prefix/%E5%A7%94%E5%86%85%E7%91%9E%E6%8B%89.png"],"lib/res/images/prefix/%E5%AD%9F%E5%8A%A0%E6%8B%89%E5%9B%BD.png":["lib/res/images/prefix/%E5%AD%9F%E5%8A%A0%E6%8B%89%E5%9B%BD.png"],"lib/res/images/prefix/%E5%AE%89%E5%B7%B4.png":["lib/res/images/prefix/%E5%AE%89%E5%B7%B4.png"],"lib/res/images/prefix/%E5%AE%89%E9%81%93%E5%B0%94.png":["lib/res/images/prefix/%E5%AE%89%E9%81%93%E5%B0%94.png"],"lib/res/images/prefix/%E5%AF%86%E5%85%8B%E7%BD%97%E5%B0%BC%E8%A5%BF%E4%BA%9A.png":["lib/res/images/prefix/%E5%AF%86%E5%85%8B%E7%BD%97%E5%B0%BC%E8%A5%BF%E4%BA%9A.png"],"lib/res/images/prefix/%E5%B0%BC%E5%8A%A0%E6%8B%89%E7%93%9C.png":["lib/res/images/prefix/%E5%B0%BC%E5%8A%A0%E6%8B%89%E7%93%9C.png"],"lib/res/images/prefix/%E5%B0%BC%E6%97%A5%E5%88%A9%E4%BA%9A.png":["lib/res/images/prefix/%E5%B0%BC%E6%97%A5%E5%88%A9%E4%BA%9A.png"],"lib/res/images/prefix/%E5%B0%BC%E6%97%A5%E5%B0%94.png":["lib/res/images/prefix/%E5%B0%BC%E6%97%A5%E5%B0%94.png"],"lib/res/images/prefix/%E5%B0%BC%E6%B3%8A%E5%B0%94.png":["lib/res/images/prefix/%E5%B0%BC%E6%B3%8A%E5%B0%94.png"],"lib/res/images/prefix/%E5%B7%B4%E5%93%88%E9%A9%AC.png":["lib/res/images/prefix/%E5%B7%B4%E5%93%88%E9%A9%AC.png"],"lib/res/images/prefix/%E5%B7%B4%E5%9F%BA%E6%96%AF%E5%9D%A6.png":["lib/res/images/prefix/%E5%B7%B4%E5%9F%BA%E6%96%AF%E5%9D%A6.png"],"lib/res/images/prefix/%E5%B7%B4%E5%B7%B4%E5%A4%9A%E6%96%AF.png":["lib/res/images/prefix/%E5%B7%B4%E5%B7%B4%E5%A4%9A%E6%96%AF.png"],"lib/res/images/prefix/%E5%B7%B4%E5%B8%83%E4%BA%9A%E6%96%B0%E5%87%A0%E5%86%85%E4%BA%9A.png":["lib/res/images/prefix/%E5%B7%B4%E5%B8%83%E4%BA%9A%E6%96%B0%E5%87%A0%E5%86%85%E4%BA%9A.png"],"lib/res/images/prefix/%E5%B7%B4%E6%8B%89%E5%9C%AD.png":["lib/res/images/prefix/%E5%B7%B4%E6%8B%89%E5%9C%AD.png"],"lib/res/images/prefix/%E5%B7%B4%E6%8B%BF%E9%A9%AC.png":["lib/res/images/prefix/%E5%B7%B4%E6%8B%BF%E9%A9%AC.png"],"lib/res/images/prefix/%E5%B7%B4%E6%9E%97.png":["lib/res/images/prefix/%E5%B7%B4%E6%9E%97.png"],"lib/res/images/prefix/%E5%B7%B4%E8%A5%BF.png":["lib/res/images/prefix/%E5%B7%B4%E8%A5%BF.png"],"lib/res/images/prefix/%E5%B8%83%E5%9F%BA%E7%BA%B3%E6%B3%95%E7%B4%A2.png":["lib/res/images/prefix/%E5%B8%83%E5%9F%BA%E7%BA%B3%E6%B3%95%E7%B4%A2.png"],"lib/res/images/prefix/%E5%B8%83%E9%9A%86%E8%BF%AA.png":["lib/res/images/prefix/%E5%B8%83%E9%9A%86%E8%BF%AA.png"],"lib/res/images/prefix/%E5%B8%8C%E8%85%8A.png":["lib/res/images/prefix/%E5%B8%8C%E8%85%8A.png"],"lib/res/images/prefix/%E5%B8%95%E5%8A%B3.png":["lib/res/images/prefix/%E5%B8%95%E5%8A%B3.png"],"lib/res/images/prefix/%E5%BE%B7%E5%9B%BD.png":["lib/res/images/prefix/%E5%BE%B7%E5%9B%BD.png"],"lib/res/images/prefix/%E6%84%8F%E5%A4%A7%E5%88%A9.png":["lib/res/images/prefix/%E6%84%8F%E5%A4%A7%E5%88%A9.png"],"lib/res/images/prefix/%E6%89%80%E7%BD%97%E9%97%A8%E5%B2%9B.png":["lib/res/images/prefix/%E6%89%80%E7%BD%97%E9%97%A8%E5%B2%9B.png"],"lib/res/images/prefix/%E6%8B%89%E8%84%B1%E7%BB%B4%E4%BA%9A.png":["lib/res/images/prefix/%E6%8B%89%E8%84%B1%E7%BB%B4%E4%BA%9A.png"],"lib/res/images/prefix/%E6%8C%AA%E5%A8%81.png":["lib/res/images/prefix/%E6%8C%AA%E5%A8%81.png"],"lib/res/images/prefix/%E6%8D%B7%E5%85%8B%E5%85%B1%E5%92%8C%E5%9B%BD.png":["lib/res/images/prefix/%E6%8D%B7%E5%85%8B%E5%85%B1%E5%92%8C%E5%9B%BD.png"],"lib/res/images/prefix/%E6%91%A9%E5%B0%94%E5%A4%9A%E7%93%A6.png":["lib/res/images/prefix/%E6%91%A9%E5%B0%94%E5%A4%9A%E7%93%A6.png"],"lib/res/images/prefix/%E6%91%A9%E6%B4%9B%E5%93%A5.png":["lib/res/images/prefix/%E6%91%A9%E6%B4%9B%E5%93%A5.png"],"lib/res/images/prefix/%E6%91%A9%E7%BA%B3%E5%93%A5.png":["lib/res/images/prefix/%E6%91%A9%E7%BA%B3%E5%93%A5.png"],"lib/res/images/prefix/%E6%96%87%E8%8E%B1.png":["lib/res/images/prefix/%E6%96%87%E8%8E%B1.png"],"lib/res/images/prefix/%E6%96%90%E6%B5%8E.png":["lib/res/images/prefix/%E6%96%90%E6%B5%8E.png"],"lib/res/images/prefix/%E6%96%AF%E5%A8%81%E5%A3%AB%E5%85%B0.png":["lib/res/images/prefix/%E6%96%AF%E5%A8%81%E5%A3%AB%E5%85%B0.png"],"lib/res/images/prefix/%E6%96%AF%E6%B4%9B%E4%BC%90%E5%85%8B.png":["lib/res/images/prefix/%E6%96%AF%E6%B4%9B%E4%BC%90%E5%85%8B.png"],"lib/res/images/prefix/%E6%96%AF%E6%B4%9B%E6%96%87%E5%B0%BC%E4%BA%9A.png":["lib/res/images/prefix/%E6%96%AF%E6%B4%9B%E6%96%87%E5%B0%BC%E4%BA%9A.png"],"lib/res/images/prefix/%E6%96%AF%E9%87%8C%E5%85%B0%E5%8D%A1.png":["lib/res/images/prefix/%E6%96%AF%E9%87%8C%E5%85%B0%E5%8D%A1.png"],"lib/res/images/prefix/%E6%96%B0%E5%8A%A0%E5%9D%A1.png":["lib/res/images/prefix/%E6%96%B0%E5%8A%A0%E5%9D%A1.png"],"lib/res/images/prefix/%E6%96%B0%E8%A5%BF%E5%85%B0.png":["lib/res/images/prefix/%E6%96%B0%E8%A5%BF%E5%85%B0.png"],"lib/res/images/prefix/%E6%97%A5%E6%9C%AC.png":["lib/res/images/prefix/%E6%97%A5%E6%9C%AC.png"],"lib/res/images/prefix/%E6%99%BA%E5%88%A9.png":["lib/res/images/prefix/%E6%99%BA%E5%88%A9.png"],"lib/res/images/prefix/%E6%9C%9D%E9%B2%9C.png":["lib/res/images/prefix/%E6%9C%9D%E9%B2%9C.png"],"lib/res/images/prefix/%E6%9F%AC%E5%9F%94%E5%AF%A8.png":["lib/res/images/prefix/%E6%9F%AC%E5%9F%94%E5%AF%A8.png"],"lib/res/images/prefix/%E6%A0%BC%E6%9E%97%E7%BA%B3%E8%BE%BE.png":["lib/res/images/prefix/%E6%A0%BC%E6%9E%97%E7%BA%B3%E8%BE%BE.png"],"lib/res/images/prefix/%E6%A0%BC%E9%B2%81%E5%90%89%E4%BA%9A.png":["lib/res/images/prefix/%E6%A0%BC%E9%B2%81%E5%90%89%E4%BA%9A.png"],"lib/res/images/prefix/%E6%A2%B5%E8%92%82%E5%86%88%E5%9F%8E.png":["lib/res/images/prefix/%E6%A2%B5%E8%92%82%E5%86%88%E5%9F%8E.png"],"lib/res/images/prefix/%E6%AF%94%E5%88%A9%E6%97%B6.png":["lib/res/images/prefix/%E6%AF%94%E5%88%A9%E6%97%B6.png"],"lib/res/images/prefix/%E6%AF%9B%E9%87%8C%E5%A1%94%E5%B0%BC%E4%BA%9A.png":["lib/res/images/prefix/%E6%AF%9B%E9%87%8C%E5%A1%94%E5%B0%BC%E4%BA%9A.png"],"lib/res/images/prefix/%E6%AF%9B%E9%87%8C%E6%B1%82%E6%96%AF.png":["lib/res/images/prefix/%E6%AF%9B%E9%87%8C%E6%B1%82%E6%96%AF.png"],"lib/res/images/prefix/%E6%B1%A4%E5%8A%A0.png":["lib/res/images/prefix/%E6%B1%A4%E5%8A%A0.png"],"lib/res/images/prefix/%E6%B2%99%E7%89%B9%E9%98%BF%E6%8B%89%E4%BC%AF.png":["lib/res/images/prefix/%E6%B2%99%E7%89%B9%E9%98%BF%E6%8B%89%E4%BC%AF.png"],"lib/res/images/prefix/%E6%B3%95%E5%9B%BD.png":["lib/res/images/prefix/%E6%B3%95%E5%9B%BD.png"],"lib/res/images/prefix/%E6%B3%A2%E5%85%B0.png":["lib/res/images/prefix/%E6%B3%A2%E5%85%B0.png"],"lib/res/images/prefix/%E6%B3%A2%E9%BB%91.png":["lib/res/images/prefix/%E6%B3%A2%E9%BB%91.png"],"lib/res/images/prefix/%E6%B3%B0%E5%9B%BD.png":["lib/res/images/prefix/%E6%B3%B0%E5%9B%BD.png"],"lib/res/images/prefix/%E6%B4%A5%E5%B7%B4%E5%B8%83%E9%9F%A6.png":["lib/res/images/prefix/%E6%B4%A5%E5%B7%B4%E5%B8%83%E9%9F%A6.png"],"lib/res/images/prefix/%E6%B4%AA%E9%83%BD%E6%8B%89%E6%96%AF.png":["lib/res/images/prefix/%E6%B4%AA%E9%83%BD%E6%8B%89%E6%96%AF.png"],"lib/res/images/prefix/%E6%B5%B7%E5%9C%B0.png":["lib/res/images/prefix/%E6%B5%B7%E5%9C%B0.png"],"lib/res/images/prefix/%E6%BE%B3%E5%A4%A7%E5%88%A9%E4%BA%9A.png":["lib/res/images/prefix/%E6%BE%B3%E5%A4%A7%E5%88%A9%E4%BA%9A.png"],"lib/res/images/prefix/%E7%88%B1%E5%B0%94%E5%85%B0.png":["lib/res/images/prefix/%E7%88%B1%E5%B0%94%E5%85%B0.png"],"lib/res/images/prefix/%E7%88%B1%E6%B2%99%E5%B0%BC%E4%BA%9A.png":["lib/res/images/prefix/%E7%88%B1%E6%B2%99%E5%B0%BC%E4%BA%9A.png"],"lib/res/images/prefix/%E7%89%99%E4%B9%B0%E5%8A%A0.png":["lib/res/images/prefix/%E7%89%99%E4%B9%B0%E5%8A%A0.png"],"lib/res/images/prefix/%E7%89%B9%E5%A4%9A.png":["lib/res/images/prefix/%E7%89%B9%E5%A4%9A.png"],"lib/res/images/prefix/%E7%8E%BB%E5%88%A9%E7%BB%B4%E4%BA%9A.png":["lib/res/images/prefix/%E7%8E%BB%E5%88%A9%E7%BB%B4%E4%BA%9A.png"],"lib/res/images/prefix/%E7%91%99%E9%B2%81.png":["lib/res/images/prefix/%E7%91%99%E9%B2%81.png"],"lib/res/images/prefix/%E7%91%9E%E5%85%B8.png":["lib/res/images/prefix/%E7%91%9E%E5%85%B8.png"],"lib/res/images/prefix/%E7%91%9E%E5%A3%AB.png":["lib/res/images/prefix/%E7%91%9E%E5%A3%AB.png"],"lib/res/images/prefix/%E7%93%A6%E5%8A%AA%E9%98%BF%E5%9B%BE.png":["lib/res/images/prefix/%E7%93%A6%E5%8A%AA%E9%98%BF%E5%9B%BE.png"],"lib/res/images/prefix/%E7%99%BD%E4%BF%84%E7%BD%97%E6%96%AF.png":["lib/res/images/prefix/%E7%99%BD%E4%BF%84%E7%BD%97%E6%96%AF.png"],"lib/res/images/prefix/%E7%A7%91%E5%A8%81%E7%89%B9.png":["lib/res/images/prefix/%E7%A7%91%E5%A8%81%E7%89%B9.png"],"lib/res/images/prefix/%E7%A7%91%E6%91%A9%E7%BD%97.png":["lib/res/images/prefix/%E7%A7%91%E6%91%A9%E7%BD%97.png"],"lib/res/images/prefix/%E7%A7%91%E7%89%B9%E8%BF%AA%E7%93%A6.png":["lib/res/images/prefix/%E7%A7%91%E7%89%B9%E8%BF%AA%E7%93%A6.png"],"lib/res/images/prefix/%E7%A7%91%E7%B4%A2%E6%B2%83.png":["lib/res/images/prefix/%E7%A7%91%E7%B4%A2%E6%B2%83.png"],"lib/res/images/prefix/%E7%A7%98%E9%B2%81.png":["lib/res/images/prefix/%E7%A7%98%E9%B2%81.png"],"lib/res/images/prefix/%E7%AA%81%E5%B0%BC%E6%96%AF.png":["lib/res/images/prefix/%E7%AA%81%E5%B0%BC%E6%96%AF.png"],"lib/res/images/prefix/%E7%AB%8B%E9%99%B6%E5%AE%9B.png":["lib/res/images/prefix/%E7%AB%8B%E9%99%B6%E5%AE%9B.png"],"lib/res/images/prefix/%E7%B4%A2%E9%A9%AC%E9%87%8C.png":["lib/res/images/prefix/%E7%B4%A2%E9%A9%AC%E9%87%8C.png"],"lib/res/images/prefix/%E7%BA%A6%E6%97%A6.png":["lib/res/images/prefix/%E7%BA%A6%E6%97%A6.png"],"lib/res/images/prefix/%E7%BA%B3%E7%B1%B3%E6%AF%94%E4%BA%9A.png":["lib/res/images/prefix/%E7%BA%B3%E7%B1%B3%E6%AF%94%E4%BA%9A.png"],"lib/res/images/prefix/%E7%BC%85%E7%94%B8.png":["lib/res/images/prefix/%E7%BC%85%E7%94%B8.png"],"lib/res/images/prefix/%E7%BD%97%E9%A9%AC%E5%B0%BC%E4%BA%9A.png":["lib/res/images/prefix/%E7%BD%97%E9%A9%AC%E5%B0%BC%E4%BA%9A.png"],"lib/res/images/prefix/%E7%BE%8E%E5%9B%BD.png":["lib/res/images/prefix/%E7%BE%8E%E5%9B%BD.png"],"lib/res/images/prefix/%E8%80%81%E6%8C%9D.png":["lib/res/images/prefix/%E8%80%81%E6%8C%9D.png"],"lib/res/images/prefix/%E8%82%AF%E5%B0%BC%E4%BA%9A.png":["lib/res/images/prefix/%E8%82%AF%E5%B0%BC%E4%BA%9A.png"],"lib/res/images/prefix/%E8%8A%AC%E5%85%B0.png":["lib/res/images/prefix/%E8%8A%AC%E5%85%B0.png"],"lib/res/images/prefix/%E8%8B%8F%E4%B8%B9.png":["lib/res/images/prefix/%E8%8B%8F%E4%B8%B9.png"],"lib/res/images/prefix/%E8%8B%8F%E9%87%8C%E5%8D%97.png":["lib/res/images/prefix/%E8%8B%8F%E9%87%8C%E5%8D%97.png"],"lib/res/images/prefix/%E8%8B%B1%E5%9B%BD.png":["lib/res/images/prefix/%E8%8B%B1%E5%9B%BD.png"],"lib/res/images/prefix/%E8%8D%B7%E5%85%B0.png":["lib/res/images/prefix/%E8%8D%B7%E5%85%B0.png"],"lib/res/images/prefix/%E8%8E%AB%E6%A1%91%E6%AF%94%E5%85%8B.png":["lib/res/images/prefix/%E8%8E%AB%E6%A1%91%E6%AF%94%E5%85%8B.png"],"lib/res/images/prefix/%E8%8E%B1%E7%B4%A2%E6%89%98.png":["lib/res/images/prefix/%E8%8E%B1%E7%B4%A2%E6%89%98.png"],"lib/res/images/prefix/%E8%8F%B2%E5%BE%8B%E5%AE%BE.png":["lib/res/images/prefix/%E8%8F%B2%E5%BE%8B%E5%AE%BE.png"],"lib/res/images/prefix/%E8%90%A8%E5%B0%94%E7%93%A6%E5%A4%9A.png":["lib/res/images/prefix/%E8%90%A8%E5%B0%94%E7%93%A6%E5%A4%9A.png"],"lib/res/images/prefix/%E8%90%A8%E6%91%A9%E4%BA%9A.png":["lib/res/images/prefix/%E8%90%A8%E6%91%A9%E4%BA%9A.png"],"lib/res/images/prefix/%E8%91%A1%E8%90%84%E7%89%99.png":["lib/res/images/prefix/%E8%91%A1%E8%90%84%E7%89%99.png"],"lib/res/images/prefix/%E8%92%99%E5%8F%A4.png":["lib/res/images/prefix/%E8%92%99%E5%8F%A4.png"],"lib/res/images/prefix/%E8%A5%BF%E7%8F%AD%E7%89%99.png":["lib/res/images/prefix/%E8%A5%BF%E7%8F%AD%E7%89%99.png"],"lib/res/images/prefix/%E8%B4%9D%E5%AE%81.png":["lib/res/images/prefix/%E8%B4%9D%E5%AE%81.png"],"lib/res/images/prefix/%E8%B5%9E%E6%AF%94%E4%BA%9A.png":["lib/res/images/prefix/%E8%B5%9E%E6%AF%94%E4%BA%9A.png"],"lib/res/images/prefix/%E8%B5%A4%E9%81%93%E5%87%A0%E5%86%85%E4%BA%9A.png":["lib/res/images/prefix/%E8%B5%A4%E9%81%93%E5%87%A0%E5%86%85%E4%BA%9A.png"],"lib/res/images/prefix/%E8%B6%8A%E5%8D%97.png":["lib/res/images/prefix/%E8%B6%8A%E5%8D%97.png"],"lib/res/images/prefix/%E9%98%BF%E5%A1%9E%E6%8B%9C%E7%96%86.png":["lib/res/images/prefix/%E9%98%BF%E5%A1%9E%E6%8B%9C%E7%96%86.png"],"lib/res/images/prefix/%E9%98%BF%E5%AF%8C%E6%B1%97.png":["lib/res/images/prefix/%E9%98%BF%E5%AF%8C%E6%B1%97.png"],"lib/res/images/prefix/%E9%98%BF%E5%B0%94%E5%8F%8A%E5%88%A9%E4%BA%9A.png":["lib/res/images/prefix/%E9%98%BF%E5%B0%94%E5%8F%8A%E5%88%A9%E4%BA%9A.png"],"lib/res/images/prefix/%E9%98%BF%E5%B0%94%E5%B7%B4%E5%B0%BC%E4%BA%9A.png":["lib/res/images/prefix/%E9%98%BF%E5%B0%94%E5%B7%B4%E5%B0%BC%E4%BA%9A.png"],"lib/res/images/prefix/%E9%98%BF%E6%9B%BC.png":["lib/res/images/prefix/%E9%98%BF%E6%9B%BC.png"],"lib/res/images/prefix/%E9%98%BF%E6%A0%B9%E5%BB%B7.png":["lib/res/images/prefix/%E9%98%BF%E6%A0%B9%E5%BB%B7.png"],"lib/res/images/prefix/%E9%98%BF%E8%81%94%E9%85%8B.png":["lib/res/images/prefix/%E9%98%BF%E8%81%94%E9%85%8B.png"],"lib/res/images/prefix/%E9%9F%A9%E5%9B%BD.png":["lib/res/images/prefix/%E9%9F%A9%E5%9B%BD.png"],"lib/res/images/prefix/%E9%A6%99%E6%B8%AF.png":["lib/res/images/prefix/%E9%A6%99%E6%B8%AF.png"],"lib/res/images/prefix/%E9%A9%AC%E5%85%B6%E9%A1%BF.png":["lib/res/images/prefix/%E9%A9%AC%E5%85%B6%E9%A1%BF.png"],"lib/res/images/prefix/%E9%A9%AC%E5%B0%94%E4%BB%A3%E5%A4%AB.png":["lib/res/images/prefix/%E9%A9%AC%E5%B0%94%E4%BB%A3%E5%A4%AB.png"],"lib/res/images/prefix/%E9%A9%AC%E6%8B%89%E7%BB%B4.png":["lib/res/images/prefix/%E9%A9%AC%E6%8B%89%E7%BB%B4.png"],"lib/res/images/prefix/%E9%A9%AC%E6%9D%A5%E8%A5%BF%E4%BA%9A.png":["lib/res/images/prefix/%E9%A9%AC%E6%9D%A5%E8%A5%BF%E4%BA%9A.png"],"lib/res/images/prefix/%E9%A9%AC%E7%BB%8D%E5%B0%94%E7%BE%A4%E5%B2%9B.png":["lib/res/images/prefix/%E9%A9%AC%E7%BB%8D%E5%B0%94%E7%BE%A4%E5%B2%9B.png"],"lib/res/images/prefix/%E9%A9%AC%E8%80%B3%E4%BB%96.png":["lib/res/images/prefix/%E9%A9%AC%E8%80%B3%E4%BB%96.png"],"lib/res/images/prefix/%E9%A9%AC%E8%BE%BE%E5%8A%A0%E6%96%AF%E5%8A%A0.png":["lib/res/images/prefix/%E9%A9%AC%E8%BE%BE%E5%8A%A0%E6%96%AF%E5%8A%A0.png"],"lib/res/images/prefix/%E9%A9%AC%E9%87%8C.png":["lib/res/images/prefix/%E9%A9%AC%E9%87%8C.png"],"lib/res/images/prefix/%E9%BB%8E%E5%B7%B4%E5%AB%A9.png":["lib/res/images/prefix/%E9%BB%8E%E5%B7%B4%E5%AB%A9.png"],"lib/res/images/prefix/%E9%BB%91%E5%B1%B1.png":["lib/res/images/prefix/%E9%BB%91%E5%B1%B1.png"]}